<?xml version="1.0" encoding="UTF-8"?>
<project-private xmlns="http://www.netbeans.org/ns/project-private/1">
    <editor-bookmarks xmlns="http://www.netbeans.org/ns/editor-bookmarks/2" lastBookmarkId="0"/>
    <open-files xmlns="http://www.netbeans.org/ns/projectui-open-files/2">
        <group>
            <file>file:/E:/EP-2/project2/src/java/com/register.java</file>
            <file>file:/E:/EP-2/project2/src/java/com/logout.java</file>
            <file>file:/E:/EP-2/project2/web/down2.html</file>
            <file>file:/E:/EP-2/project2/src/java/com/uploadservlet.java</file>
            <file>file:/E:/EP-2/project2/src/java/com/s3Upload.java</file>
            <file>file:/E:/EP-2/project2/src/java/com/login.java</file>
            <file>file:/E:/EP-2/project2/src/java/com/savefile.java</file>
            <file>file:/E:/EP-2/project2/web/reg.html</file>
            <file>file:/E:/EP-2/project2/src/java/com/down.java</file>
        </group>
    </open-files>
</project-private>
